{"init_params": {"cat_dims": [], "cat_emb_dim": [], "cat_idxs": [], "clip_value": 1, "device_name": "auto", "epsilon": 1e-15, "gamma": 1.3, "grouped_features": [], "input_dim": 14, "lambda_sparse": 0.001, "mask_type": "entmax", "momentum": 0.02, "n_a": 8, "n_d": 8, "n_indep_decoder": 1, "n_independent": 2, "n_shared": 2, "n_shared_decoder": 1, "n_steps": 3, "optimizer_params": {"lr": 0.1, "momentum": 0.938, "weight_decay": 0.0001}, "output_dim": 2, "scheduler_params": {"mode": "min", "factor": 0.1, "patience": 5}, "seed": 0, "verbose": 10}, "class_attrs": {"preds_mapper": {"0": 0, "1": 1}}}